{"_type":"export","__export_format":4,"__export_date":"2021-10-13T05:41:01.299Z","__export_source":"insomnia.desktop.app:v2021.5.3","resources":[{"_id":"req_c448c8ceea8b4cb9aa0afe8419d2d976","parentId":"wrk_6ad9a99917044ca7b5aef6b78bb17eac","modified":1634096155298,"created":1633928799118,"url":"{{ _.baseUrl }}/sistema/aluno","name":"criar aluno","description":"","method":"POST","body":{"mimeType":"application/json","text":"{\n\t\"nome\":\"Johnatan\",\n\t\"matricula\": \"0002\",\n\t\"cpf\": \"23193949495\",\n\t\"email\":\"johnatan@email.com\",\n\t\"dt_nasc\":\"1990-12-11\",\n\t\"sexo\":\"M\",\n\t\"contato\":\"9921213223\",\n\t\"ativo\":true\n}"},"parameters":[],"headers":[{"name":"Content-Type","value":"application/json","id":"pair_f3d3358db6024621bee3507da238d8a6"}],"authentication":{},"metaSortKey":-1633928799118,"isPrivate":false,"settingStoreCookies":true,"settingSendCookies":true,"settingDisableRenderRequestBody":false,"settingEncodeUrl":true,"settingRebuildPath":true,"settingFollowRedirects":"global","_type":"request"},{"_id":"wrk_6ad9a99917044ca7b5aef6b78bb17eac","parentId":null,"modified":1633900525712,"created":1633900525712,"name":"create Aluno","description":"","scope":"collection","_type":"workspace"},{"_id":"req_b3218a4f5a654f559231ce5fcf85446f","parentId":"wrk_6ad9a99917044ca7b5aef6b78bb17eac","modified":1634096473198,"created":1633959340472,"url":"{{ _.baseUrl }}/sistema/aluno/1","name":"Atualiza aluno","description":"","method":"PUT","body":{"mimeType":"application/json","text":"{\n\t\"nome\":\"Johnatan\",\n\t\"matricul\":\"0004\",\n\t\"cpf\":\"2311210898\",\n\"email\":\"johnatan@emaiul.com\",\n\t\"dt_nasc\":\"1988-12-12\",\n\t\"sexo\":\"M\",\n\t\"contato\":\"9921213223\",\n\t\"ativo\":\"1\"\n}"},"parameters":[],"headers":[{"name":"Content-Type","value":"application/json","id":"pair_3fdb399388fa43a3a76152842c1d059b"}],"authentication":{},"metaSortKey":-1633959340472,"isPrivate":false,"settingStoreCookies":true,"settingSendCookies":true,"settingDisableRenderRequestBody":false,"settingEncodeUrl":true,"settingRebuildPath":true,"settingFollowRedirects":"global","_type":"request"},{"_id":"req_dbbf34f2783b4bc48f6a03b70e58c2ea","parentId":"wrk_6ad9a99917044ca7b5aef6b78bb17eac","modified":1633963964100,"created":1633963931632,"url":"{{ _.baseUrl }}/sistema/aluno/3","name":"Delete aluno","description":"","method":"DELETE","body":{},"parameters":[],"headers":[],"authentication":{},"metaSortKey":-1633963931632,"isPrivate":false,"settingStoreCookies":true,"settingSendCookies":true,"settingDisableRenderRequestBody":false,"settingEncodeUrl":true,"settingRebuildPath":true,"settingFollowRedirects":"global","_type":"request"},{"_id":"req_27e27cd903944c64a21c953e091c507d","parentId":"wrk_6ad9a99917044ca7b5aef6b78bb17eac","modified":1634097365606,"created":1633990859725,"url":"{{ _.baseUrl }}/sistema/aluno","name":"lista Aluno","description":"","method":"GET","body":{"mimeType":"application/json","text":"{\n\t\"nome\":\"Joao da silva\",\n\t\"matricula\": \"0002\",\n\t\"cpf\": \"23110033021\",\n\t\"email\":\"joaodasilva@email.com\",\n\t\"dt_nasc\":\"2021-12-23\",\n\t\"sexo\":\"M\",\n\t\"contato\":\"9921213223\",\n\t\"ativo\":true\n}"},"parameters":[],"headers":[{"name":"Content-Type","value":"application/json","id":"pair_f3d3358db6024621bee3507da238d8a6"}],"authentication":{},"metaSortKey":-1633928799068,"isPrivate":false,"settingStoreCookies":true,"settingSendCookies":true,"settingDisableRenderRequestBody":false,"settingEncodeUrl":true,"settingRebuildPath":true,"settingFollowRedirects":"global","_type":"request"},{"_id":"req_6168d1b60bb245519eeac72436b397a1","parentId":"wrk_6ad9a99917044ca7b5aef6b78bb17eac","modified":1634097381663,"created":1634097354663,"url":"{{ _.baseUrl }}/sistema/professor","name":"lista Professor","description":"","method":"GET","body":{"mimeType":"application/json","text":"{\n\t\"nome\":\"Joao da silva\",\n\t\"matricula\": \"0002\",\n\t\"cpf\": \"23110033021\",\n\t\"email\":\"joaodasilva@email.com\",\n\t\"dt_nasc\":\"2021-12-23\",\n\t\"sexo\":\"M\",\n\t\"contato\":\"9921213223\",\n\t\"ativo\":true\n}"},"parameters":[],"headers":[{"name":"Content-Type","value":"application/json","id":"pair_f3d3358db6024621bee3507da238d8a6"}],"authentication":{},"metaSortKey":-1633928799018,"isPrivate":false,"settingStoreCookies":true,"settingSendCookies":true,"settingDisableRenderRequestBody":false,"settingEncodeUrl":true,"settingRebuildPath":true,"settingFollowRedirects":"global","_type":"request"},{"_id":"req_f53b65a216194c6296ad66cf866c5a84","parentId":"wrk_6ad9a99917044ca7b5aef6b78bb17eac","modified":1634103482028,"created":1634103465613,"url":"{{ _.baseUrl }}/sistema/professor/3","name":"Deleta Professor","description":"","method":"DELETE","body":{},"parameters":[],"headers":[],"authentication":{},"metaSortKey":-1633961636052,"isPrivate":false,"settingStoreCookies":true,"settingSendCookies":true,"settingDisableRenderRequestBody":false,"settingEncodeUrl":true,"settingRebuildPath":true,"settingFollowRedirects":"global","_type":"request"},{"_id":"req_0106073f96824413a719b89bcce11559","parentId":"wrk_6ad9a99917044ca7b5aef6b78bb17eac","modified":1634103529207,"created":1634103516282,"url":"{{ _.baseUrl }}/sistema/professor/1","name":"Atualiza Professor","description":"","method":"PUT","body":{"mimeType":"application/json","text":"{\n\t\"nome\":\"Johnatan\",\n\t\"matricul\":\"0004\",\n\t\"cpf\":\"2311210898\",\n\"email\":\"johnatan@emaiul.com\",\n\t\"dt_nasc\":\"1988-12-12\",\n\t\"sexo\":\"M\",\n\t\"contato\":\"9921213223\",\n\t\"ativo\":\"1\"\n}"},"parameters":[],"headers":[{"name":"Content-Type","value":"application/json","id":"pair_3fdb399388fa43a3a76152842c1d059b"}],"authentication":{},"metaSortKey":-1633944069795,"isPrivate":false,"settingStoreCookies":true,"settingSendCookies":true,"settingDisableRenderRequestBody":false,"settingEncodeUrl":true,"settingRebuildPath":true,"settingFollowRedirects":"global","_type":"request"},{"_id":"req_90807ed96bb4412084a57be0104cdec5","parentId":"wrk_6ad9a99917044ca7b5aef6b78bb17eac","modified":1634103568094,"created":1634103556718,"url":"{{ _.baseUrl }}/sistema/professor","name":"criar Professor","description":"","method":"POST","body":{"mimeType":"application/json","text":"{\n\t\"nome\":\"Johnatan\",\n\t\"matricula\": \"0002\",\n\t\"cpf\": \"23193949495\",\n\t\"email\":\"johnatan@email.com\",\n\t\"dt_nasc\":\"1990-12-11\",\n\t\"sexo\":\"M\",\n\t\"contato\":\"9921213223\",\n\t\"ativo\":true\n}"},"parameters":[],"headers":[{"name":"Content-Type","value":"application/json","id":"pair_f3d3358db6024621bee3507da238d8a6"}],"authentication":{},"metaSortKey":-1633928799093,"isPrivate":false,"settingStoreCookies":true,"settingSendCookies":true,"settingDisableRenderRequestBody":false,"settingEncodeUrl":true,"settingRebuildPath":true,"settingFollowRedirects":"global","_type":"request"},{"_id":"env_3b77d6d5f6fd89a15a416e8753104104de577e26","parentId":"wrk_6ad9a99917044ca7b5aef6b78bb17eac","modified":1633928202885,"created":1633900525740,"name":"Base Environment","data":{"baseUrl":"http://localhost:3003"},"dataPropertyOrder":{"&":["baseUrl"]},"color":null,"isPrivate":false,"metaSortKey":1633900525740,"_type":"environment"},{"_id":"jar_3b77d6d5f6fd89a15a416e8753104104de577e26","parentId":"wrk_6ad9a99917044ca7b5aef6b78bb17eac","modified":1633900525746,"created":1633900525746,"name":"Default Jar","cookies":[],"_type":"cookie_jar"},{"_id":"spc_bebbf40fc6b94fc587bef6283ac81b6f","parentId":"wrk_6ad9a99917044ca7b5aef6b78bb17eac","modified":1633900525715,"created":1633900525715,"fileName":"create Aluno","contents":"","contentType":"yaml","_type":"api_spec"}]}